{"cameraMode":{"drawMode":0,"name":"Shaded","section":"Shading Mode"},"sceneLighting":true,"audioPlay":false,"sceneViewState":{"showFog":true,"showMaterialUpdate":false,"showSkybox":true,"showFlares":true,"showImageEffects":true,"showParticleSystems":true},"in2DMode":false,"pivot":{"x":-2.8571548461914064,"y":-0.967241644859314,"z":6.006668567657471},"rotation":{"x":-0.10446079820394516,"y":0.1107485219836235,"z":-0.011715549044311047,"w":-0.9882811903953552},"size":22.0,"orthographic":false}