{"cameraMode":{"drawMode":0,"name":"Shaded","section":"Shading Mode"},"sceneLighting":false,"audioPlay":false,"sceneViewState":{"showFog":true,"showMaterialUpdate":false,"showSkybox":false,"showFlares":true,"showImageEffects":true,"showParticleSystems":true},"in2DMode":false,"pivot":{"x":-2.9162282943725588,"y":2.8430676460266115,"z":11.376587867736817},"rotation":{"x":-0.06924732774496079,"y":-0.014368555508553982,"z":0.0009886831976473332,"w":-0.9975016117095947},"size":22.81178855895996,"orthographic":false}